,source,target
0,0,32
1,0,35
2,0,134
3,0,167
4,0,43
5,0,171
6,0,108
7,0,78
8,0,175
9,0,84
10,0,55
11,0,88
12,0,95
13,1,134
14,1,73
15,1,43
16,1,19
17,1,20
18,1,84
19,1,117
20,1,23
21,1,56
22,1,90
23,1,59
24,2,84
25,2,55
26,2,38
27,2,167
28,3,96
29,3,66
30,3,35
31,3,37
32,3,134
33,3,167
34,3,5
35,3,79
36,3,113
37,3,146
38,3,84
39,3,85
40,3,118
41,3,86
42,3,152
43,3,62
44,4,96
45,4,67
46,4,164
47,4,69
48,4,134
49,4,70
50,4,5
51,4,140
52,4,108
53,4,175
54,4,144
55,4,19
56,4,84
57,4,88
58,4,58
59,4,95
60,5,130
61,5,3
62,5,132
63,5,133
64,5,134
65,5,4
66,5,136
67,5,9
68,5,137
69,5,140
70,5,143
71,5,144
72,5,18
73,5,19
74,5,20
75,5,146
76,5,147
77,5,150
78,5,24
79,5,26
80,5,27
81,5,154
82,5,29
83,5,160
84,5,34
85,5,35
86,5,164
87,5,165
88,5,163
89,5,167
90,5,40
91,5,41
92,5,37
93,5,43
94,5,172
95,5,173
96,5,175
97,5,48
98,5,55
99,5,56
100,5,57
101,5,58
102,5,61
103,5,64
104,5,66
105,5,67
106,5,68
107,5,69
108,5,70
109,5,72
110,5,73
111,5,78
112,5,79
113,5,84
114,5,85
115,5,88
116,5,90
117,5,92
118,5,93
119,5,95
120,5,98
121,5,100
122,5,101
123,5,103
124,5,105
125,5,106
126,5,107
127,5,108
128,5,110
129,5,112
130,5,116
131,5,119
132,5,123
133,6,64
134,6,33
135,6,96
136,6,35
137,6,69
138,6,134
139,6,166
140,6,72
141,6,108
142,6,78
143,6,175
144,6,84
145,6,156
146,6,157
147,7,134
148,7,11
149,7,139
150,7,13
151,7,143
152,7,16
153,7,15
154,7,146
155,7,151
156,7,152
157,7,162
158,7,36
159,7,37
160,7,167
161,7,46
162,7,175
163,7,48
164,7,56
165,7,62
166,7,69
167,7,70
168,7,84
169,7,98
170,7,100
171,7,105
172,7,106
173,7,108
174,7,114
175,7,116
176,7,121
177,7,123
178,8,45
179,8,79
180,8,147
181,8,84
182,8,87
183,8,23
184,8,88
185,8,89
186,8,158
187,8,159
188,9,5
189,9,134
190,9,140
191,9,144
192,9,150
193,9,23
194,9,154
195,9,41
196,9,43
197,9,175
198,9,49
199,9,55
200,9,58
201,9,66
202,9,69
203,9,70
204,9,84
205,9,98
206,9,100
207,9,108
208,10,64
209,10,132
210,10,37
211,10,146
212,10,84
213,11,134
214,11,7
215,11,137
216,11,13
217,11,142
218,11,143
219,11,15
220,11,146
221,11,150
222,11,153
223,11,154
224,11,156
225,11,33
226,11,35
227,11,163
228,11,166
229,11,41
230,11,169
231,11,172
232,11,175
233,11,51
234,11,64
235,11,68
236,11,69
237,11,72
238,11,84
239,11,88
240,11,93
241,11,98
242,11,99
243,11,108
244,11,112
245,11,121
246,12,108
247,12,122
248,12,84
249,12,134
250,13,134
251,13,7
252,13,11
253,13,139
254,13,143
255,13,16
256,13,23
257,13,152
258,13,162
259,13,37
260,13,167
261,13,172
262,13,46
263,13,175
264,13,56
265,13,64
266,13,84
267,13,88
268,13,100
269,13,105
270,13,106
271,13,108
272,13,114
273,13,116
274,13,121
275,13,123
276,14,98
277,14,69
278,14,70
279,14,175
280,14,48
281,14,15
282,14,88
283,14,60
284,15,134
285,15,7
286,15,137
287,15,11
288,15,14
289,15,144
290,15,19
291,15,150
292,15,23
293,15,29
294,15,35
295,15,36
296,15,167
297,15,171
298,15,47
299,15,48
300,15,64
301,15,68
302,15,69
303,15,70
304,15,73
305,15,74
306,15,84
307,15,106
308,15,108
309,15,112
310,15,116
311,15,119
312,15,121
313,15,123
314,16,131
315,16,134
316,16,7
317,16,139
318,16,13
319,16,143
320,16,23
321,16,154
322,16,162
323,16,35
324,16,36
325,16,163
326,16,37
327,16,167
328,16,41
329,16,172
330,16,46
331,16,175
332,16,56
333,16,62
334,16,64
335,16,68
336,16,69
337,16,79
338,16,84
339,16,88
340,16,96
341,16,97
342,16,98
343,16,108
344,16,110
345,16,112
346,16,114
347,16,116
348,16,117
349,16,123
350,17,65
351,17,98
352,17,99
353,17,100
354,17,101
355,17,134
356,17,167
357,17,103
358,17,107
359,17,175
360,17,51
361,17,84
362,17,53
363,17,95
364,18,64
365,18,5
366,18,134
367,18,172
368,18,108
369,18,79
370,18,146
371,18,84
372,18,55
373,18,125
374,19,1
375,19,4
376,19,5
377,19,134
378,19,140
379,19,141
380,19,15
381,19,146
382,19,20
383,19,22
384,19,23
385,19,24
386,19,35
387,19,163
388,19,41
389,19,43
390,19,171
391,19,174
392,19,175
393,19,55
394,19,57
395,19,59
396,19,60
397,19,61
398,19,63
399,19,64
400,19,66
401,19,69
402,19,70
403,19,73
404,19,79
405,19,84
406,19,88
407,19,89
408,19,98
409,19,108
410,19,112
411,19,117
412,19,118
413,19,125
414,20,1
415,20,5
416,20,134
417,20,141
418,20,19
419,20,147
420,20,24
421,20,30
422,20,35
423,20,43
424,20,174
425,20,175
426,20,55
427,20,57
428,20,59
429,20,63
430,20,73
431,20,79
432,20,84
433,20,88
434,20,90
435,20,107
436,20,108
437,21,130
438,21,66
439,21,165
440,21,168
441,21,73
442,21,108
443,21,175
444,21,146
445,21,83
446,21,84
447,21,55
448,21,88
449,21,25
450,21,93
451,21,30
452,22,163
453,22,134
454,22,103
455,22,73
456,22,173
457,22,174
458,22,79
459,22,19
460,22,84
461,22,23
462,23,1
463,23,131
464,23,134
465,23,8
466,23,9
467,23,138
468,23,139
469,23,137
470,23,13
471,23,15
472,23,16
473,23,146
474,23,19
475,23,22
476,23,151
477,23,150
478,23,154
479,23,162
480,23,35
481,23,34
482,23,36
483,23,163
484,23,167
485,23,166
486,23,41
487,23,43
488,23,171
489,23,173
490,23,175
491,23,48
492,23,55
493,23,56
494,23,59
495,23,68
496,23,69
497,23,73
498,23,77
499,23,79
500,23,84
501,23,85
502,23,88
503,23,97
504,23,100
505,23,106
506,23,108
507,23,109
508,23,110
509,23,112
510,23,114
511,23,116
512,23,117
513,23,118
514,23,119
515,23,123
516,23,125
517,24,130
518,24,131
519,24,5
520,24,134
521,24,136
522,24,140
523,24,143
524,24,144
525,24,146
526,24,19
527,24,20
528,24,27
529,24,37
530,24,167
531,24,43
532,24,173
533,24,174
534,24,175
535,24,51
536,24,53
537,24,58
538,24,65
539,24,69
540,24,70
541,24,73
542,24,77
543,24,78
544,24,79
545,24,84
546,24,88
547,24,100
548,24,103
549,24,107
550,24,108
551,24,109
552,24,125
553,24,126
554,25,128
555,25,21
556,25,27
557,25,28
558,25,165
559,25,168
560,25,175
561,25,52
562,25,66
563,25,73
564,25,83
565,25,84
566,25,85
567,25,92
568,25,93
569,25,108
570,25,117
571,25,125
572,25,127
573,26,5
574,26,134
575,26,140
576,26,147
577,26,152
578,26,27
579,26,164
580,26,165
581,26,41
582,26,173
583,26,175
584,26,57
585,26,64
586,26,66
587,26,67
588,26,70
589,26,73
590,26,84
591,26,88
592,26,98
593,26,99
594,26,100
595,26,108
596,26,120
597,27,128
598,27,5
599,27,134
600,27,140
601,27,24
602,27,25
603,27,26
604,27,28
605,27,165
606,27,37
607,27,166
608,27,40
609,27,173
610,27,175
611,27,52
612,27,64
613,27,66
614,27,73
615,27,84
616,27,88
617,27,90
618,27,98
619,27,100
620,27,107
621,27,108
622,27,113
623,27,114
624,27,127
625,28,128
626,28,175
627,28,113
628,28,84
629,28,25
630,28,27
631,28,127
632,29,129
633,29,130
634,29,69
635,29,133
636,29,167
637,29,103
638,29,105
639,29,106
640,29,5
641,29,173
642,29,175
643,29,15
644,29,84
645,29,85
646,29,55
647,29,155
648,29,30
649,30,129
650,30,130
651,30,165
652,30,103
653,30,73
654,30,108
655,30,173
656,30,175
657,30,20
658,30,21
659,30,84
660,30,85
661,30,55
662,30,155
663,30,29
664,31,103
665,31,175
666,31,146
667,31,147
668,31,92
669,32,0
670,32,64
671,32,69
672,32,167
673,32,103
674,32,49
675,32,84
676,32,149
677,32,86
678,32,55
679,33,98
680,33,68
681,33,6
682,33,167
683,33,72
684,33,11
685,33,78
686,33,175
687,33,112
688,33,146
689,33,84
690,33,121
691,33,93
692,34,5
693,34,103
694,34,43
695,34,172
696,34,77
697,34,173
698,34,175
699,34,147
700,34,84
701,34,23
702,34,62
703,35,0
704,35,3
705,35,132
706,35,133
707,35,6
708,35,134
709,35,131
710,35,5
711,35,11
712,35,143
713,35,16
714,35,145
715,35,146
716,35,19
717,35,20
718,35,149
719,35,15
720,35,23
721,35,151
722,35,153
723,35,152
724,35,154
725,35,163
726,35,36
727,35,166
728,35,167
729,35,39
730,35,41
731,35,42
732,35,43
733,35,172
734,35,175
735,35,55
736,35,56
737,35,57
738,35,62
739,35,64
740,35,66
741,35,69
742,35,72
743,35,73
744,35,78
745,35,79
746,35,84
747,35,85
748,35,86
749,35,95
750,35,98
751,35,100
752,35,103
753,35,105
754,35,106
755,35,107
756,35,108
757,35,114
758,35,121
759,35,123
760,36,134
761,36,7
762,36,139
763,36,143
764,36,16
765,36,15
766,36,23
767,36,152
768,36,154
769,36,162
770,36,35
771,36,163
772,36,37
773,36,167
774,36,41
775,36,172
776,36,46
777,36,175
778,36,48
779,36,55
780,36,56
781,36,62
782,36,64
783,36,68
784,36,69
785,36,72
786,36,78
787,36,84
788,36,97
789,36,98
790,36,100
791,36,105
792,36,106
793,36,108
794,36,112
795,36,114
796,36,116
797,36,123
798,37,3
799,37,132
800,37,131
801,37,134
802,37,5
803,37,7
804,37,137
805,37,10
806,37,139
807,37,13
808,37,143
809,37,16
810,37,146
811,37,24
812,37,152
813,37,154
814,37,27
815,37,162
816,37,163
817,37,36
818,37,166
819,37,167
820,37,41
821,37,172
822,37,46
823,37,175
824,37,56
825,37,62
826,37,64
827,37,66
828,37,68
829,37,69
830,37,72
831,37,84
832,37,86
833,37,97
834,37,98
835,37,100
836,37,103
837,37,105
838,37,106
839,37,107
840,37,108
841,37,112
842,37,114
843,37,116
844,37,117
845,37,118
846,37,123
847,38,64
848,38,2
849,38,98
850,38,100
851,38,69
852,38,134
853,38,167
854,38,166
855,38,108
856,38,175
857,38,146
858,38,84
859,38,55
860,38,118
861,38,86
862,38,152
863,38,154
864,39,64
865,39,35
866,39,134
867,39,42
868,39,175
869,39,146
870,39,84
871,39,86
872,39,153
873,40,96
874,40,66
875,40,98
876,40,133
877,40,134
878,40,103
879,40,167
880,40,73
881,40,165
882,40,107
883,40,108
884,40,173
885,40,5
886,40,175
887,40,79
888,40,84
889,40,58
890,40,27
891,41,5
892,41,134
893,41,9
894,41,137
895,41,11
896,41,143
897,41,16
898,41,146
899,41,19
900,41,23
901,41,153
902,41,26
903,41,154
904,41,156
905,41,160
906,41,162
907,41,35
908,41,36
909,41,165
910,41,163
911,41,167
912,41,37
913,41,166
914,41,43
915,41,46
916,41,175
917,41,55
918,41,56
919,41,62
920,41,64
921,41,66
922,41,69
923,41,72
924,41,73
925,41,79
926,41,84
927,41,85
928,41,86
929,41,95
930,41,98
931,41,102
932,41,105
933,41,106
934,41,121
935,42,64
936,42,98
937,42,35
938,42,132
939,42,69
940,42,134
941,42,39
942,42,84
943,42,148
944,42,86
945,42,55
946,42,88
947,43,0
948,43,1
949,43,131
950,43,133
951,43,5
952,43,135
953,43,9
954,43,140
955,43,143
956,43,144
957,43,145
958,43,146
959,43,19
960,43,20
961,43,23
962,43,24
963,43,160
964,43,34
965,43,35
966,43,167
967,43,41
968,43,174
969,43,175
970,43,55
971,43,62
972,43,65
973,43,69
974,43,70
975,43,73
976,43,76
977,43,78
978,43,79
979,43,83
980,43,84
981,43,88
982,43,92
983,43,93
984,43,94
985,43,98
986,43,103
987,43,107
988,43,108
989,43,115
990,43,117
991,44,96
992,44,75
993,44,45
994,44,175
995,44,54
996,44,87
997,44,88
998,44,89
999,44,158
1000,44,159
1001,45,96
1002,45,8
1003,45,75
1004,45,44
1005,45,175
1006,45,87
1007,45,88
1008,45,89
1009,45,158
1010,45,159
1011,46,7
1012,46,139
1013,46,13
1014,46,143
1015,46,16
1016,46,151
1017,46,152
1018,46,162
1019,46,36
1020,46,37
1021,46,167
1022,46,41
1023,46,175
1024,46,56
1025,46,84
1026,46,100
1027,46,105
1028,46,106
1029,46,108
1030,46,114
1031,46,116
1032,46,123
1033,47,98
1034,47,69
1035,47,175
1036,47,48
1037,47,15
1038,47,115
1039,47,116
1040,47,88
1041,47,95
1042,48,5
1043,48,134
1044,48,7
1045,48,14
1046,48,15
1047,48,23
1048,48,36
1049,48,167
1050,48,171
1051,48,47
1052,48,55
1053,48,64
1054,48,66
1055,48,68
1056,48,69
1057,48,70
1058,48,74
1059,48,79
1060,48,84
1061,48,98
1062,48,108
1063,48,112
1064,48,115
1065,48,116
1066,48,119
1067,48,123
1068,49,32
1069,49,134
1070,49,9
1071,49,175
1072,49,145
1073,49,84
1074,49,55
1075,50,77
1076,50,175
1077,50,84
1078,50,52
1079,50,88
1080,50,59
1081,51,134
1082,51,11
1083,51,140
1084,51,144
1085,51,17
1086,51,24
1087,51,152
1088,51,154
1089,51,165
1090,51,166
1091,51,172
1092,51,175
1093,51,53
1094,51,55
1095,51,64
1096,51,66
1097,51,69
1098,51,70
1099,51,77
1100,51,84
1101,51,88
1102,51,93
1103,51,98
1104,51,100
1105,51,101
1106,51,103
1107,51,108
1108,51,109
1109,51,118
1110,51,125
1111,52,128
1112,52,65
1113,52,134
1114,52,167
1115,52,59
1116,52,175
1117,52,113
1118,52,50
1119,52,82
1120,52,84
1121,52,88
1122,52,25
1123,52,27
1124,52,127
1125,53,100
1126,53,69
1127,53,134
1128,53,70
1129,53,101
1130,53,140
1131,53,109
1132,53,108
1133,53,143
1134,53,144
1135,53,17
1136,53,51
1137,53,84
1138,53,54
1139,53,55
1140,53,24
1141,53,125
1142,54,64
1143,54,96
1144,54,138
1145,54,44
1146,54,143
1147,54,175
1148,54,147
1149,54,84
1150,54,53
1151,54,157
1152,55,0
1153,55,2
1154,55,130
1155,55,5
1156,55,134
1157,55,135
1158,55,136
1159,55,9
1160,55,143
1161,55,145
1162,55,18
1163,55,19
1164,55,20
1165,55,21
1166,55,146
1167,55,23
1168,55,149
1169,55,148
1170,55,150
1171,55,152
1172,55,156
1173,55,29
1174,55,154
1175,55,30
1176,55,32
1177,55,35
1178,55,164
1179,55,36
1180,55,38
1181,55,167
1182,55,165
1183,55,41
1184,55,42
1185,55,43
1186,55,172
1187,55,171
1188,55,173
1189,55,175
1190,55,48
1191,55,49
1192,55,170
1193,55,51
1194,55,53
1195,55,163
1196,55,56
1197,55,57
1198,55,62
1199,55,64
1200,55,66
1201,55,166
1202,55,69
1203,55,70
1204,55,72
1205,55,73
1206,55,79
1207,55,84
1208,55,85
1209,55,86
1210,55,88
1211,55,95
1212,55,96
1213,55,98
1214,55,100
1215,55,101
1216,55,103
1217,55,104
1218,55,106
1219,55,107
1220,55,108
1221,55,114
1222,55,117
1223,55,118
1224,55,125
1225,56,1
1226,56,131
1227,56,5
1228,56,134
1229,56,7
1230,56,139
1231,56,13
1232,56,143
1233,56,16
1234,56,146
1235,56,147
1236,56,23
1237,56,152
1238,56,162
1239,56,35
1240,56,36
1241,56,163
1242,56,37
1243,56,167
1244,56,41
1245,56,172
1246,56,46
1247,56,175
1248,56,55
1249,56,64
1250,56,66
1251,56,68
1252,56,69
1253,56,84
1254,56,88
1255,56,93
1256,56,97
1257,56,98
1258,56,100
1259,56,105
1260,56,106
1261,56,108
1262,56,110
1263,56,112
1264,56,114
1265,56,116
1266,56,118
1267,56,123
1268,56,125
1269,57,5
1270,57,134
1271,57,145
1272,57,146
1273,57,19
1274,57,20
1275,57,26
1276,57,35
1277,57,175
1278,57,55
1279,57,59
1280,57,66
1281,57,70
1282,57,73
1283,57,79
1284,57,84
1285,57,88
1286,57,90
1287,57,98
1288,57,117
1289,58,96
1290,58,4
1291,58,69
1292,58,134
1293,58,103
1294,58,40
1295,58,9
1296,58,165
1297,58,5
1298,58,140
1299,58,108
1300,58,78
1301,58,175
1302,58,144
1303,58,174
1304,58,84
1305,58,24
1306,58,88
1307,59,1
1308,59,134
1309,59,19
1310,59,20
1311,59,150
1312,59,23
1313,59,151
1314,59,154
1315,59,172
1316,59,173
1317,59,175
1318,59,50
1319,59,52
1320,59,57
1321,59,64
1322,59,65
1323,59,73
1324,59,77
1325,59,84
1326,59,108
1327,59,109
1328,59,117
1329,59,125
1330,60,64
1331,60,98
1332,60,70
1333,60,140
1334,60,141
1335,60,172
1336,60,175
1337,60,108
1338,60,14
1339,60,19
1340,60,84
1341,60,88
1342,60,61
1343,60,63
1344,61,5
1345,61,140
1346,61,141
1347,61,143
1348,61,144
1349,61,19
1350,61,165
1351,61,172
1352,61,173
1353,61,175
1354,61,60
1355,61,63
1356,61,64
1357,61,67
1358,61,70
1359,61,84
1360,61,88
1361,61,98
1362,61,108
1363,62,3
1364,62,134
1365,62,7
1366,62,137
1367,62,139
1368,62,16
1369,62,146
1370,62,153
1371,62,154
1372,62,34
1373,62,35
1374,62,36
1375,62,163
1376,62,37
1377,62,166
1378,62,41
1379,62,43
1380,62,172
1381,62,173
1382,62,175
1383,62,55
1384,62,64
1385,62,66
1386,62,69
1387,62,84
1388,62,98
1389,62,100
1390,62,103
1391,62,106
1392,62,108
1393,62,114
1394,62,116
1395,62,118
1396,63,64
1397,63,98
1398,63,134
1399,63,166
1400,63,73
1401,63,140
1402,63,141
1403,63,142
1404,63,19
1405,63,20
1406,63,84
1407,63,60
1408,63,61
1409,64,5
1410,64,6
1411,64,10
1412,64,11
1413,64,13
1414,64,15
1415,64,16
1416,64,18
1417,64,19
1418,64,26
1419,64,27
1420,64,32
1421,64,35
1422,64,36
1423,64,37
1424,64,38
1425,64,39
1426,64,41
1427,64,42
1428,64,48
1429,64,51
1430,64,54
1431,64,55
1432,64,56
1433,64,59
1434,64,60
1435,64,61
1436,64,62
1437,64,63
1438,64,65
1439,64,66
1440,64,68
1441,64,69
1442,64,72
1443,64,73
1444,64,77
1445,64,78
1446,64,84
1447,64,86
1448,64,88
1449,64,93
1450,64,94
1451,64,95
1452,64,97
1453,64,98
1454,64,100
1455,64,102
1456,64,104
1457,64,105
1458,64,106
1459,64,108
1460,64,109
1461,64,110
1462,64,112
1463,64,114
1464,64,116
1465,64,118
1466,64,119
1467,64,121
1468,64,123
1469,64,134
1470,64,137
1471,64,139
1472,64,140
1473,64,141
1474,64,142
1475,64,143
1476,64,146
1477,64,147
1478,64,150
1479,64,152
1480,64,154
1481,64,162
1482,64,163
1483,64,165
1484,64,166
1485,64,167
1486,64,169
1487,64,172
1488,64,173
1489,64,175
1490,65,64
1491,65,99
1492,65,134
1493,65,167
1494,65,166
1495,65,43
1496,65,108
1497,65,143
1498,65,17
1499,65,52
1500,65,84
1501,65,117
1502,65,157
1503,65,24
1504,65,59
1505,65,92
1506,65,125
1507,66,3
1508,66,133
1509,66,134
1510,66,5
1511,66,9
1512,66,140
1513,66,144
1514,66,146
1515,66,19
1516,66,21
1517,66,152
1518,66,25
1519,66,26
1520,66,27
1521,66,155
1522,66,154
1523,66,160
1524,66,35
1525,66,164
1526,66,165
1527,66,37
1528,66,167
1529,66,168
1530,66,41
1531,66,40
1532,66,172
1533,66,173
1534,66,175
1535,66,48
1536,66,51
1537,66,55
1538,66,56
1539,66,57
1540,66,62
1541,66,64
1542,66,67
1543,66,69
1544,66,70
1545,66,73
1546,66,79
1547,66,83
1548,66,84
1549,66,85
1550,66,93
1551,66,98
1552,66,100
1553,66,101
1554,66,103
1555,66,104
1556,66,105
1557,66,106
1558,66,107
1559,66,108
1560,66,109
1561,66,110
1562,66,125
1563,67,66
1564,67,164
1565,67,69
1566,67,70
1567,67,165
1568,67,4
1569,67,5
1570,67,101
1571,67,140
1572,67,109
1573,67,144
1574,67,61
1575,67,84
1576,67,26
1577,67,155
1578,67,125
1579,68,5
1580,68,134
1581,68,11
1582,68,139
1583,68,143
1584,68,16
1585,68,15
1586,68,146
1587,68,23
1588,68,152
1589,68,33
1590,68,162
1591,68,36
1592,68,37
1593,68,167
1594,68,175
1595,68,48
1596,68,56
1597,68,64
1598,68,69
1599,68,72
1600,68,84
1601,68,97
1602,68,98
1603,68,100
1604,68,105
1605,68,106
1606,68,108
1607,68,112
1608,68,114
1609,68,116
1610,68,118
1611,68,120
1612,68,121
1613,68,123
1614,69,4
1615,69,5
1616,69,6
1617,69,7
1618,69,9
1619,69,11
1620,69,14
1621,69,15
1622,69,16
1623,69,19
1624,69,23
1625,69,24
1626,69,29
1627,69,32
1628,69,35
1629,69,36
1630,69,37
1631,69,38
1632,69,41
1633,69,42
1634,69,43
1635,69,47
1636,69,48
1637,69,51
1638,69,53
1639,69,55
1640,69,56
1641,69,58
1642,69,62
1643,69,64
1644,69,66
1645,69,67
1646,69,68
1647,69,70
1648,69,73
1649,69,74
1650,69,78
1651,69,79
1652,69,84
1653,69,85
1654,69,86
1655,69,88
1656,69,93
1657,69,95
1658,69,96
1659,69,98
1660,69,100
1661,69,101
1662,69,103
1663,69,105
1664,69,106
1665,69,108
1666,69,109
1667,69,110
1668,69,111
1669,69,112
1670,69,114
1671,69,117
1672,69,119
1673,69,120
1674,69,121
1675,69,123
1676,69,134
1677,69,137
1678,69,140
1679,69,143
1680,69,144
1681,69,146
1682,69,147
1683,69,150
1684,69,152
1685,69,153
1686,69,160
1687,69,162
1688,69,164
1689,69,165
1690,69,166
1691,69,167
1692,69,171
1693,69,172
1694,69,173
1695,69,175
1696,70,4
1697,70,5
1698,70,134
1699,70,7
1700,70,9
1701,70,140
1702,70,14
1703,70,15
1704,70,144
1705,70,19
1706,70,150
1707,70,24
1708,70,26
1709,70,163
1710,70,165
1711,70,167
1712,70,43
1713,70,172
1714,70,171
1715,70,173
1716,70,175
1717,70,48
1718,70,51
1719,70,53
1720,70,55
1721,70,57
1722,70,60
1723,70,61
1724,70,66
1725,70,67
1726,70,69
1727,70,73
1728,70,77
1729,70,79
1730,70,83
1731,70,84
1732,70,88
1733,70,90
1734,70,95
1735,70,98
1736,70,103
1737,70,108
1738,71,97
1739,71,98
1740,71,134
1741,71,169
1742,71,172
1743,71,108
1744,71,110
1745,71,111
1746,71,143
1747,71,78
1748,71,114
1749,71,84
1750,71,118
1751,71,152
1752,71,92
1753,71,95
1754,72,5
1755,72,6
1756,72,134
1757,72,11
1758,72,140
1759,72,146
1760,72,152
1761,72,154
1762,72,156
1763,72,33
1764,72,35
1765,72,36
1766,72,163
1767,72,37
1768,72,41
1769,72,175
1770,72,55
1771,72,64
1772,72,68
1773,72,78
1774,72,84
1775,72,93
1776,72,98
1777,72,108
1778,72,118
1779,72,121
1780,73,1
1781,73,133
1782,73,134
1783,73,5
1784,73,140
1785,73,143
1786,73,15
1787,73,146
1788,73,19
1789,73,20
1790,73,21
1791,73,22
1792,73,23
1793,73,24
1794,73,25
1795,73,26
1796,73,27
1797,73,30
1798,73,35
1799,73,163
1800,73,165
1801,73,167
1802,73,168
1803,73,41
1804,73,40
1805,73,43
1806,73,172
1807,73,171
1808,73,173
1809,73,175
1810,73,55
1811,73,57
1812,73,59
1813,73,63
1814,73,64
1815,73,66
1816,73,69
1817,73,70
1818,73,79
1819,73,83
1820,73,84
1821,73,85
1822,73,88
1823,73,92
1824,73,93
1825,73,98
1826,73,99
1827,73,100
1828,73,103
1829,73,104
1830,73,105
1831,73,106
1832,73,108
1833,73,109
1834,73,118
1835,73,125
1836,74,69
1837,74,134
1838,74,111
1839,74,48
1840,74,15
1841,74,84
1842,74,88
1843,74,95
1844,75,44
1845,75,45
1846,75,76
1847,75,175
1848,75,84
1849,75,89
1850,75,159
1851,76,167
1852,76,43
1853,76,75
1854,76,175
1855,76,84
1856,77,134
1857,77,143
1858,77,144
1859,77,23
1860,77,24
1861,77,34
1862,77,167
1863,77,175
1864,77,50
1865,77,51
1866,77,59
1867,77,64
1868,77,70
1869,77,79
1870,77,84
1871,77,88
1872,77,98
1873,77,100
1874,77,103
1875,77,108
1876,77,109
1877,77,125
1878,78,0
1879,78,132
1880,78,5
1881,78,6
1882,78,134
1883,78,143
1884,78,146
1885,78,149
1886,78,24
1887,78,33
1888,78,35
1889,78,36
1890,78,167
1891,78,43
1892,78,172
1893,78,171
1894,78,175
1895,78,58
1896,78,64
1897,78,69
1898,78,71
1899,78,72
1900,78,84
1901,78,86
1902,78,95
1903,78,96
1904,78,105
1905,78,106
1906,78,107
1907,78,108
1908,78,114
1909,79,3
1910,79,5
1911,79,134
1912,79,8
1913,79,140
1914,79,16
1915,79,144
1916,79,18
1917,79,19
1918,79,20
1919,79,146
1920,79,22
1921,79,23
1922,79,24
1923,79,147
1924,79,154
1925,79,35
1926,79,166
1927,79,40
1928,79,41
1929,79,43
1930,79,175
1931,79,48
1932,79,55
1933,79,57
1934,79,66
1935,79,69
1936,79,70
1937,79,73
1938,79,77
1939,79,84
1940,79,85
1941,79,88
1942,79,89
1943,79,95
1944,79,98
1945,79,103
1946,79,105
1947,79,106
1948,79,107
1949,79,108
1950,79,123
1951,80,81
1952,80,82
1953,80,84
1954,81,175
1955,81,80
1956,81,82
1957,81,84
1958,81,89
1959,82,134
1960,82,175
1961,82,80
1962,82,113
1963,82,81
1964,82,52
1965,82,84
1966,83,66
1967,83,165
1968,83,70
1969,83,168
1970,83,73
1971,83,43
1972,83,108
1973,83,175
1974,83,84
1975,83,21
1976,83,88
1977,83,25
1978,83,93
1979,84,0
1980,84,1
1981,84,2
1982,84,3
1983,84,4
1984,84,5
1985,84,6
1986,84,7
1987,84,8
1988,84,9
1989,84,10
1990,84,11
1991,84,12
1992,84,13
1993,84,15
1994,84,16
1995,84,17
1996,84,18
1997,84,19
1998,84,20
1999,84,21
2000,84,22
2001,84,23
2002,84,24
2003,84,25
2004,84,26
2005,84,27
2006,84,28
2007,84,29
2008,84,30
2009,84,32
2010,84,33
2011,84,34
2012,84,35
2013,84,36
2014,84,37
2015,84,38
2016,84,39
2017,84,40
2018,84,41
2019,84,42
2020,84,43
2021,84,46
2022,84,48
2023,84,49
2024,84,50
2025,84,51
2026,84,52
2027,84,53
2028,84,54
2029,84,55
2030,84,56
2031,84,57
2032,84,58
2033,84,59
2034,84,60
2035,84,61
2036,84,62
2037,84,63
2038,84,64
2039,84,65
2040,84,66
2041,84,67
2042,84,68
2043,84,69
2044,84,70
2045,84,71
2046,84,72
2047,84,73
2048,84,74
2049,84,75
2050,84,76
2051,84,77
2052,84,78
2053,84,79
2054,84,80
2055,84,81
2056,84,82
2057,84,83
2058,84,85
2059,84,86
2060,84,88
2061,84,89
2062,84,90
2063,84,92
2064,84,93
2065,84,94
2066,84,95
2067,84,96
2068,84,97
2069,84,98
2070,84,99
2071,84,100
2072,84,101
2073,84,102
2074,84,103
2075,84,104
2076,84,105
2077,84,106
2078,84,107
2079,84,108
2080,84,109
2081,84,110
2082,84,111
2083,84,112
2084,84,113
2085,84,114
2086,84,115
2087,84,116
2088,84,117
2089,84,118
2090,84,119
2091,84,121
2092,84,122
2093,84,123
2094,84,124
2095,84,125
2096,84,126
2097,84,127
2098,84,128
2099,84,129
2100,84,130
2101,84,131
2102,84,132
2103,84,133
2104,84,134
2105,84,135
2106,84,136
2107,84,137
2108,84,139
2109,84,140
2110,84,141
2111,84,142
2112,84,143
2113,84,144
2114,84,145
2115,84,146
2116,84,147
2117,84,148
2118,84,149
2119,84,150
2120,84,151
2121,84,152
2122,84,153
2123,84,154
2124,84,155
2125,84,156
2126,84,159
2127,84,160
2128,84,161
2129,84,162
2130,84,163
2131,84,164
2132,84,165
2133,84,166
2134,84,167
2135,84,168
2136,84,169
2137,84,170
2138,84,171
2139,84,172
2140,84,173
2141,84,174
2142,84,175
2143,85,129
2144,85,130
2145,85,3
2146,85,5
2147,85,134
2148,85,141
2149,85,146
2150,85,23
2151,85,25
2152,85,154
2153,85,155
2154,85,29
2155,85,30
2156,85,160
2157,85,35
2158,85,41
2159,85,175
2160,85,55
2161,85,66
2162,85,69
2163,85,73
2164,85,79
2165,85,84
2166,85,86
2167,85,88
2168,85,93
2169,85,98
2170,85,105
2171,85,106
2172,86,3
2173,86,134
2174,86,137
2175,86,140
2176,86,144
2177,86,146
2178,86,148
2179,86,154
2180,86,32
2181,86,35
2182,86,163
2183,86,37
2184,86,38
2185,86,167
2186,86,39
2187,86,41
2188,86,42
2189,86,175
2190,86,55
2191,86,64
2192,86,69
2193,86,78
2194,86,84
2195,86,85
2196,86,88
2197,86,98
2198,86,105
2199,86,106
2200,86,108
2201,86,110
2202,87,8
2203,87,44
2204,87,45
2205,87,88
2206,87,89
2207,87,158
2208,87,159
2209,88,0
2210,88,4
2211,88,5
2212,88,8
2213,88,11
2214,88,13
2215,88,14
2216,88,16
2217,88,19
2218,88,20
2219,88,21
2220,88,23
2221,88,24
2222,88,26
2223,88,27
2224,88,42
2225,88,43
2226,88,44
2227,88,45
2228,88,47
2229,88,50
2230,88,51
2231,88,52
2232,88,55
2233,88,56
2234,88,57
2235,88,58
2236,88,60
2237,88,61
2238,88,64
2239,88,69
2240,88,70
2241,88,73
2242,88,74
2243,88,77
2244,88,79
2245,88,83
2246,88,84
2247,88,85
2248,88,86
2249,88,87
2250,88,89
2251,88,90
2252,88,92
2253,88,93
2254,88,95
2255,88,96
2256,88,98
2257,88,99
2258,88,100
2259,88,101
2260,88,105
2261,88,107
2262,88,108
2263,88,109
2264,88,113
2265,88,114
2266,88,115
2267,88,117
2268,88,120
2269,88,121
2270,88,125
2271,88,130
2272,88,134
2273,88,138
2274,88,140
2275,88,142
2276,88,143
2277,88,144
2278,88,145
2279,88,146
2280,88,147
2281,88,152
2282,88,156
2283,88,158
2284,88,159
2285,88,161
2286,88,163
2287,88,164
2288,88,165
2289,88,166
2290,88,168
2291,88,171
2292,88,173
2293,88,175
2294,89,96
2295,89,98
2296,89,8
2297,89,75
2298,89,44
2299,89,45
2300,89,175
2301,89,79
2302,89,81
2303,89,19
2304,89,84
2305,89,87
2306,89,88
2307,89,158
2308,89,159
2309,90,1
2310,90,98
2311,90,5
2312,90,70
2313,90,105
2314,90,107
2315,90,140
2316,90,175
2317,90,20
2318,90,84
2319,90,88
2320,90,57
2321,90,27
2322,90,93
2323,91,143
2324,92,5
2325,92,134
2326,92,146
2327,92,25
2328,92,31
2329,92,165
2330,92,166
2331,92,167
2332,92,43
2333,92,172
2334,92,173
2335,92,175
2336,92,65
2337,92,71
2338,92,73
2339,92,84
2340,92,88
2341,92,93
2342,92,94
2343,92,99
2344,92,103
2345,92,105
2346,92,106
2347,92,107
2348,92,108
2349,92,109
2350,92,125
2351,93,131
2352,93,5
2353,93,134
2354,93,11
2355,93,140
2356,93,146
2357,93,147
2358,93,21
2359,93,25
2360,93,156
2361,93,33
2362,93,165
2363,93,167
2364,93,168
2365,93,43
2366,93,172
2367,93,173
2368,93,175
2369,93,51
2370,93,56
2371,93,64
2372,93,66
2373,93,69
2374,93,72
2375,93,73
2376,93,83
2377,93,84
2378,93,85
2379,93,88
2380,93,90
2381,93,92
2382,93,95
2383,93,98
2384,93,99
2385,93,103
2386,93,104
2387,93,105
2388,93,106
2389,93,107
2390,93,108
2391,93,109
2392,93,121
2393,93,125
2394,94,64
2395,94,165
2396,94,43
2397,94,84
2398,94,92
2399,95,0
2400,95,4
2401,95,5
2402,95,134
2403,95,143
2404,95,17
2405,95,146
2406,95,150
2407,95,152
2408,95,154
2409,95,160
2410,95,35
2411,95,163
2412,95,166
2413,95,167
2414,95,41
2415,95,169
2416,95,172
2417,95,175
2418,95,47
2419,95,55
2420,95,64
2421,95,69
2422,95,70
2423,95,71
2424,95,74
2425,95,78
2426,95,79
2427,95,84
2428,95,88
2429,95,93
2430,95,97
2431,95,98
2432,95,103
2433,95,104
2434,95,108
2435,95,111
2436,95,118
2437,96,3
2438,96,4
2439,96,6
2440,96,16
2441,96,147
2442,96,157
2443,96,159
2444,96,161
2445,96,163
2446,96,167
2447,96,40
2448,96,171
2449,96,44
2450,96,45
2451,96,175
2452,96,54
2453,96,55
2454,96,58
2455,96,69
2456,96,78
2457,96,84
2458,96,88
2459,96,89
2460,97,134
2461,97,139
2462,97,143
2463,97,16
2464,97,23
2465,97,152
2466,97,161
2467,97,162
2468,97,36
2469,97,37
2470,97,167
2471,97,172
2472,97,175
2473,97,56
2474,97,64
2475,97,68
2476,97,71
2477,97,84
2478,97,95
2479,97,100
2480,97,105
2481,97,106
2482,97,108
2483,97,112
2484,97,114
2485,97,116
2486,97,118
2487,97,123
2488,98,5
2489,98,7
2490,98,9
2491,98,11
2492,98,14
2493,98,16
2494,98,17
2495,98,19
2496,98,26
2497,98,27
2498,98,33
2499,98,35
2500,98,36
2501,98,37
2502,98,38
2503,98,40
2504,98,41
2505,98,42
2506,98,43
2507,98,47
2508,98,48
2509,98,51
2510,98,55
2511,98,56
2512,98,57
2513,98,60
2514,98,61
2515,98,62
2516,98,63
2517,98,64
2518,98,66
2519,98,68
2520,98,69
2521,98,70
2522,98,71
2523,98,72
2524,98,73
2525,98,77
2526,98,79
2527,98,84
2528,98,85
2529,98,86
2530,98,88
2531,98,89
2532,98,90
2533,98,93
2534,98,95
2535,98,99
2536,98,100
2537,98,102
2538,98,103
2539,98,105
2540,98,106
2541,98,108
2542,98,109
2543,98,110
2544,98,112
2545,98,117
2546,98,118
2547,98,119
2548,98,120
2549,98,121
2550,98,127
2551,98,130
2552,98,132
2553,98,133
2554,98,134
2555,98,137
2556,98,139
2557,98,140
2558,98,141
2559,98,142
2560,98,143
2561,98,144
2562,98,146
2563,98,147
2564,98,150
2565,98,153
2566,98,154
2567,98,155
2568,98,156
2569,98,159
2570,98,160
2571,98,163
2572,98,165
2573,98,166
2574,98,167
2575,98,168
2576,98,169
2577,98,171
2578,98,172
2579,98,173
2580,98,174
2581,98,175
2582,99,11
2583,99,143
2584,99,17
2585,99,147
2586,99,26
2587,99,165
2588,99,167
2589,99,175
2590,99,65
2591,99,73
2592,99,84
2593,99,88
2594,99,92
2595,99,93
2596,99,98
2597,99,103
2598,99,105
2599,99,107
2600,99,115
2601,99,121
2602,100,131
2603,100,5
2604,100,134
2605,100,7
2606,100,9
2607,100,139
2608,100,140
2609,100,13
2610,100,143
2611,100,144
2612,100,17
2613,100,147
2614,100,23
2615,100,24
2616,100,152
2617,100,26
2618,100,27
2619,100,162
2620,100,35
2621,100,36
2622,100,165
2623,100,38
2624,100,167
2625,100,37
2626,100,166
2627,100,172
2628,100,46
2629,100,175
2630,100,51
2631,100,53
2632,100,55
2633,100,56
2634,100,62
2635,100,64
2636,100,66
2637,100,68
2638,100,69
2639,100,73
2640,100,77
2641,100,84
2642,100,88
2643,100,97
2644,100,98
2645,100,101
2646,100,105
2647,100,106
2648,100,108
2649,100,109
2650,100,112
2651,100,114
2652,100,116
2653,100,118
2654,100,123
2655,100,125
2656,101,66
2657,101,67
2658,101,100
2659,101,164
2660,101,69
2661,101,103
2662,101,134
2663,101,165
2664,101,5
2665,101,140
2666,101,175
2667,101,144
2668,101,17
2669,101,51
2670,101,84
2671,101,53
2672,101,55
2673,101,88
2674,102,64
2675,102,98
2676,102,134
2677,102,41
2678,102,143
2679,102,84
2680,102,123
2681,103,132
2682,103,5
2683,103,134
2684,103,136
2685,103,139
2686,103,140
2687,103,17
2688,103,147
2689,103,22
2690,103,24
2691,103,155
2692,103,29
2693,103,30
2694,103,31
2695,103,32
2696,103,34
2697,103,35
2698,103,164
2699,103,165
2700,103,37
2701,103,167
2702,103,40
2703,103,43
2704,103,172
2705,103,173
2706,103,175
2707,103,51
2708,103,55
2709,103,58
2710,103,62
2711,103,66
2712,103,69
2713,103,70
2714,103,73
2715,103,77
2716,103,79
2717,103,84
2718,103,92
2719,103,93
2720,103,95
2721,103,98
2722,103,99
2723,103,101
2724,103,104
2725,103,105
2726,103,106
2727,103,107
2728,103,108
2729,103,109
2730,103,125
2731,104,134
2732,104,140
2733,104,145
2734,104,147
2735,104,155
2736,104,165
2737,104,173
2738,104,175
2739,104,55
2740,104,64
2741,104,66
2742,104,73
2743,104,84
2744,104,93
2745,104,95
2746,104,103
2747,104,105
2748,104,106
2749,104,107
2750,104,117
2751,104,125
2752,105,131
2753,105,5
2754,105,134
2755,105,7
2756,105,139
2757,105,140
2758,105,13
2759,105,143
2760,105,146
2761,105,147
2762,105,29
2763,105,162
2764,105,35
2765,105,36
2766,105,165
2767,105,37
2768,105,167
2769,105,41
2770,105,172
2771,105,173
2772,105,46
2773,105,175
2774,105,56
2775,105,64
2776,105,66
2777,105,68
2778,105,69
2779,105,73
2780,105,78
2781,105,79
2782,105,84
2783,105,85
2784,105,86
2785,105,88
2786,105,90
2787,105,92
2788,105,93
2789,105,97
2790,105,98
2791,105,99
2792,105,100
2793,105,103
2794,105,104
2795,105,106
2796,105,107
2797,105,108
2798,105,109
2799,105,110
2800,105,112
2801,105,114
2802,105,116
2803,105,118
2804,105,123
2805,105,125
2806,106,131
2807,106,5
2808,106,134
2809,106,7
2810,106,137
2811,106,139
2812,106,140
2813,106,13
2814,106,143
2815,106,15
2816,106,146
2817,106,147
2818,106,23
2819,106,155
2820,106,29
2821,106,162
2822,106,35
2823,106,36
2824,106,165
2825,106,37
2826,106,167
2827,106,41
2828,106,172
2829,106,173
2830,106,46
2831,106,175
2832,106,55
2833,106,56
2834,106,62
2835,106,64
2836,106,66
2837,106,68
2838,106,69
2839,106,73
2840,106,78
2841,106,79
2842,106,84
2843,106,85
2844,106,86
2845,106,92
2846,106,93
2847,106,97
2848,106,98
2849,106,100
2850,106,103
2851,106,104
2852,106,105
2853,106,107
2854,106,108
2855,106,109
2856,106,110
2857,106,112
2858,106,116
2859,106,118
2860,106,123
2861,106,124
2862,106,125
2863,107,5
2864,107,134
2865,107,139
2866,107,17
2867,107,146
2868,107,147
2869,107,20
2870,107,24
2871,107,27
2872,107,35
2873,107,163
2874,107,37
2875,107,167
2876,107,40
2877,107,43
2878,107,172
2879,107,173
2880,107,174
2881,107,175
2882,107,55
2883,107,66
2884,107,78
2885,107,79
2886,107,84
2887,107,88
2888,107,90
2889,107,92
2890,107,93
2891,107,99
2892,107,103
2893,107,104
2894,107,105
2895,107,106
2896,107,108
2897,107,109
2898,107,110
2899,107,117
2900,107,120
2901,107,124
2902,107,125
2903,108,0
2904,108,4
2905,108,5
2906,108,6
2907,108,7
2908,108,9
2909,108,11
2910,108,12
2911,108,13
2912,108,15
2913,108,16
2914,108,18
2915,108,19
2916,108,20
2917,108,21
2918,108,23
2919,108,24
2920,108,25
2921,108,26
2922,108,27
2923,108,30
2924,108,35
2925,108,36
2926,108,37
2927,108,38
2928,108,40
2929,108,43
2930,108,46
2931,108,48
2932,108,51
2933,108,53
2934,108,55
2935,108,56
2936,108,58
2937,108,59
2938,108,60
2939,108,61
2940,108,62
2941,108,64
2942,108,65
2943,108,66
2944,108,68
2945,108,69
2946,108,70
2947,108,71
2948,108,72
2949,108,73
2950,108,77
2951,108,78
2952,108,79
2953,108,83
2954,108,84
2955,108,86
2956,108,88
2957,108,92
2958,108,93
2959,108,95
2960,108,97
2961,108,98
2962,108,100
2963,108,103
2964,108,105
2965,108,106
2966,108,107
2967,108,112
2968,108,114
2969,108,116
2970,108,117
2971,108,118
2972,108,119
2973,108,121
2974,108,122
2975,108,123
2976,108,124
2977,108,125
2978,108,126
2979,108,131
2980,108,133
2981,108,134
2982,108,136
2983,108,139
2984,108,140
2985,108,143
2986,108,144
2987,108,146
2988,108,147
2989,108,151
2990,108,152
2991,108,155
2992,108,162
2993,108,165
2994,108,166
2995,108,167
2996,108,168
2997,108,169
2998,108,171
2999,108,172
3000,108,173
3001,108,175
3002,109,134
3003,109,140
3004,109,143
3005,109,145
3006,109,146
3007,109,147
3008,109,23
3009,109,24
3010,109,155
3011,109,165
3012,109,173
3013,109,175
3014,109,51
3015,109,53
3016,109,59
3017,109,64
3018,109,66
3019,109,67
3020,109,69
3021,109,73
3022,109,77
3023,109,84
3024,109,88
3025,109,92
3026,109,93
3027,109,98
3028,109,100
3029,109,103
3030,109,105
3031,109,106
3032,109,107
3033,109,117
3034,109,125
3035,110,5
3036,110,137
3037,110,139
3038,110,16
3039,110,146
3040,110,23
3041,110,162
3042,110,56
3043,110,64
3044,110,66
3045,110,69
3046,110,71
3047,110,84
3048,110,86
3049,110,98
3050,110,105
3051,110,106
3052,110,107
3053,110,114
3054,110,123
3055,111,69
3056,111,71
3057,111,74
3058,111,84
3059,111,150
3060,111,95
3061,112,5
3062,112,134
3063,112,11
3064,112,139
3065,112,142
3066,112,143
3067,112,16
3068,112,15
3069,112,19
3070,112,23
3071,112,152
3072,112,153
3073,112,154
3074,112,33
3075,112,162
3076,112,163
3077,112,36
3078,112,37
3079,112,167
3080,112,175
3081,112,48
3082,112,56
3083,112,64
3084,112,68
3085,112,69
3086,112,84
3087,112,97
3088,112,98
3089,112,100
3090,112,105
3091,112,106
3092,112,108
3093,112,114
3094,112,116
3095,112,121
3096,112,123
3097,113,128
3098,113,3
3099,113,134
3100,113,175
3101,113,82
3102,113,147
3103,113,52
3104,113,84
3105,113,117
3106,113,88
3107,113,27
3108,113,28
3109,113,127
3110,114,131
3111,114,134
3112,114,7
3113,114,137
3114,114,139
3115,114,13
3116,114,143
3117,114,16
3118,114,146
3119,114,150
3120,114,23
3121,114,151
3122,114,152
3123,114,154
3124,114,27
3125,114,156
3126,114,160
3127,114,162
3128,114,35
3129,114,36
3130,114,37
3131,114,167
3132,114,172
3133,114,46
3134,114,175
3135,114,55
3136,114,56
3137,114,62
3138,114,64
3139,114,68
3140,114,69
3141,114,71
3142,114,78
3143,114,84
3144,114,88
3145,114,97
3146,114,100
3147,114,105
3148,114,108
3149,114,110
3150,114,112
3151,114,116
3152,114,118
3153,114,123
3154,114,125
3155,115,99
3156,115,133
3157,115,167
3158,115,43
3159,115,47
3160,115,175
3161,115,48
3162,115,84
3163,115,116
3164,115,88
3165,116,131
3166,116,5
3167,116,134
3168,116,7
3169,116,139
3170,116,13
3171,116,143
3172,116,16
3173,116,15
3174,116,146
3175,116,23
3176,116,151
3177,116,152
3178,116,162
3179,116,163
3180,116,36
3181,116,37
3182,116,167
3183,116,172
3184,116,46
3185,116,175
3186,116,47
3187,116,48
3188,116,56
3189,116,62
3190,116,64
3191,116,68
3192,116,84
3193,116,97
3194,116,100
3195,116,105
3196,116,106
3197,116,108
3198,116,112
3199,116,114
3200,116,115
3201,116,118
3202,116,123
3203,117,1
3204,117,134
3205,117,135
3206,117,140
3207,117,143
3208,117,16
3209,117,19
3210,117,150
3211,117,23
3212,117,25
3213,117,37
3214,117,166
3215,117,167
3216,117,43
3217,117,172
3218,117,173
3219,117,175
3220,117,55
3221,117,57
3222,117,59
3223,117,65
3224,117,69
3225,117,84
3226,117,88
3227,117,98
3228,117,104
3229,117,107
3230,117,108
3231,117,109
3232,117,113
3233,117,123
3234,117,125
3235,117,127
3236,118,3
3237,118,134
3238,118,139
3239,118,143
3240,118,19
3241,118,23
3242,118,152
3243,118,162
3244,118,37
3245,118,38
3246,118,167
3247,118,166
3248,118,172
3249,118,175
3250,118,51
3251,118,55
3252,118,56
3253,118,62
3254,118,64
3255,118,68
3256,118,71
3257,118,72
3258,118,73
3259,118,84
3260,118,95
3261,118,97
3262,118,98
3263,118,100
3264,118,105
3265,118,106
3266,118,108
3267,118,114
3268,118,116
3269,118,123
3270,119,64
3271,119,98
3272,119,69
3273,119,134
3274,119,167
3275,119,5
3276,119,108
3277,119,175
3278,119,48
3279,119,143
3280,119,15
3281,119,84
3282,119,150
3283,119,23
3284,120,98
3285,120,68
3286,120,69
3287,120,134
3288,120,166
3289,120,107
3290,120,175
3291,120,144
3292,120,146
3293,120,147
3294,120,88
3295,120,121
3296,120,26
3297,121,134
3298,121,7
3299,121,137
3300,121,11
3301,121,13
3302,121,143
3303,121,15
3304,121,146
3305,121,150
3306,121,153
3307,121,154
3308,121,156
3309,121,33
3310,121,35
3311,121,163
3312,121,166
3313,121,41
3314,121,175
3315,121,64
3316,121,68
3317,121,69
3318,121,72
3319,121,84
3320,121,88
3321,121,93
3322,121,98
3323,121,99
3324,121,108
3325,121,112
3326,121,120
3327,122,134
3328,122,167
3329,122,108
3330,122,12
3331,122,84
3332,123,131
3333,123,5
3334,123,134
3335,123,7
3336,123,139
3337,123,13
3338,123,143
3339,123,16
3340,123,15
3341,123,150
3342,123,23
3343,123,151
3344,123,152
3345,123,162
3346,123,35
3347,123,36
3348,123,37
3349,123,167
3350,123,172
3351,123,46
3352,123,175
3353,123,48
3354,123,56
3355,123,64
3356,123,68
3357,123,69
3358,123,79
3359,123,84
3360,123,97
3361,123,100
3362,123,102
3363,123,105
3364,123,106
3365,123,108
3366,123,110
3367,123,112
3368,123,114
3369,123,116
3370,123,117
3371,123,118
3372,123,125
3373,124,163
3374,124,134
3375,124,137
3376,124,106
3377,124,107
3378,124,172
3379,124,108
3380,124,84
3381,124,154
3382,125,134
3383,125,139
3384,125,140
3385,125,143
3386,125,145
3387,125,18
3388,125,19
3389,125,148
3390,125,23
3391,125,24
3392,125,25
3393,125,154
3394,125,155
3395,125,162
3396,125,165
3397,125,172
3398,125,173
3399,125,175
3400,125,51
3401,125,53
3402,125,55
3403,125,56
3404,125,59
3405,125,65
3406,125,66
3407,125,67
3408,125,73
3409,125,77
3410,125,84
3411,125,88
3412,125,92
3413,125,93
3414,125,100
3415,125,103
3416,125,104
3417,125,105
3418,125,106
3419,125,107
3420,125,108
3421,125,109
3422,125,114
3423,125,117
3424,125,123
3425,125,126
3426,126,108
3427,126,172
3428,126,84
3429,126,24
3430,126,125
3431,127,128
3432,127,98
3433,127,134
3434,127,175
3435,127,113
3436,127,52
3437,127,84
3438,127,117
3439,127,25
3440,127,27
3441,127,28
3442,128,175
3443,128,113
3444,128,52
3445,128,84
3446,128,25
3447,128,27
3448,128,28
3449,128,127
3450,129,130
3451,129,84
3452,129,85
3453,129,29
3454,129,30
3455,130,129
3456,130,98
3457,130,5
3458,130,88
3459,130,173
3460,130,175
3461,130,146
3462,130,147
3463,130,84
3464,130,21
3465,130,85
3466,130,55
3467,130,24
3468,130,155
3469,130,29
3470,130,30
3471,131,134
3472,131,139
3473,131,143
3474,131,16
3475,131,23
3476,131,24
3477,131,152
3478,131,154
3479,131,162
3480,131,35
3481,131,37
3482,131,167
3483,131,43
3484,131,172
3485,131,175
3486,131,56
3487,131,84
3488,131,93
3489,131,100
3490,131,105
3491,131,106
3492,131,108
3493,131,114
3494,131,116
3495,131,123
3496,132,98
3497,132,35
3498,132,37
3499,132,134
3500,132,103
3501,132,5
3502,132,137
3503,132,42
3504,132,10
3505,132,173
3506,132,78
3507,132,146
3508,132,84
3509,133,66
3510,133,35
3511,133,98
3512,133,165
3513,133,5
3514,133,167
3515,133,40
3516,133,73
3517,133,43
3518,133,108
3519,133,175
3520,133,115
3521,133,84
3522,133,29
3523,134,0
3524,134,1
3525,134,3
3526,134,4
3527,134,5
3528,134,6
3529,134,7
3530,134,9
3531,134,11
3532,134,12
3533,134,13
3534,134,15
3535,134,16
3536,134,17
3537,134,18
3538,134,19
3539,134,20
3540,134,22
3541,134,23
3542,134,24
3543,134,26
3544,134,27
3545,134,35
3546,134,36
3547,134,37
3548,134,38
3549,134,39
3550,134,40
3551,134,41
3552,134,42
3553,134,48
3554,134,49
3555,134,51
3556,134,52
3557,134,53
3558,134,55
3559,134,56
3560,134,57
3561,134,58
3562,134,59
3563,134,62
3564,134,63
3565,134,64
3566,134,65
3567,134,66
3568,134,68
3569,134,69
3570,134,70
3571,134,71
3572,134,72
3573,134,73
3574,134,74
3575,134,77
3576,134,78
3577,134,79
3578,134,82
3579,134,84
3580,134,85
3581,134,86
3582,134,88
3583,134,92
3584,134,93
3585,134,95
3586,134,97
3587,134,98
3588,134,100
3589,134,101
3590,134,102
3591,134,103
3592,134,104
3593,134,105
3594,134,106
3595,134,107
3596,134,108
3597,134,109
3598,134,112
3599,134,113
3600,134,114
3601,134,116
3602,134,117
3603,134,118
3604,134,119
3605,134,120
3606,134,121
3607,134,122
3608,134,123
3609,134,124
3610,134,125
3611,134,127
3612,134,131
3613,134,132
3614,134,135
3615,134,136
3616,134,137
3617,134,138
3618,134,139
3619,134,140
3620,134,141
3621,134,142
3622,134,143
3623,134,144
3624,134,146
3625,134,147
3626,134,148
3627,134,149
3628,134,150
3629,134,151
3630,134,152
3631,134,153
3632,134,154
3633,134,155
3634,134,156
3635,134,160
3636,134,162
3637,134,163
3638,134,165
3639,134,166
3640,134,167
3641,134,169
3642,134,170
3643,134,171
3644,134,172
3645,134,173
3646,134,174
3647,134,175
3648,135,134
3649,135,167
3650,135,136
3651,135,43
3652,135,175
3653,135,84
3654,135,117
3655,135,55
3656,135,152
3657,136,5
3658,136,134
3659,136,167
3660,136,103
3661,136,135
3662,136,172
3663,136,108
3664,136,84
3665,136,55
3666,136,24
3667,137,132
3668,137,5
3669,137,134
3670,137,11
3671,137,139
3672,137,15
3673,137,146
3674,137,23
3675,137,154
3676,137,163
3677,137,37
3678,137,167
3679,137,41
3680,137,175
3681,137,62
3682,137,64
3683,137,69
3684,137,84
3685,137,86
3686,137,98
3687,137,106
3688,137,110
3689,137,114
3690,137,121
3691,137,124
3692,138,161
3693,138,134
3694,138,54
3695,138,23
3696,138,88
3697,138,157
3698,139,131
3699,139,134
3700,139,7
3701,139,137
3702,139,13
3703,139,143
3704,139,16
3705,139,150
3706,139,23
3707,139,152
3708,139,155
3709,139,162
3710,139,36
3711,139,37
3712,139,167
3713,139,170
3714,139,172
3715,139,173
3716,139,46
3717,139,175
3718,139,56
3719,139,62
3720,139,64
3721,139,68
3722,139,84
3723,139,97
3724,139,98
3725,139,100
3726,139,103
3727,139,105
3728,139,106
3729,139,107
3730,139,108
3731,139,110
3732,139,112
3733,139,114
3734,139,116
3735,139,118
3736,139,123
3737,139,125
3738,140,4
3739,140,5
3740,140,134
3741,140,9
3742,140,141
3743,140,142
3744,140,143
3745,140,144
3746,140,146
3747,140,19
3748,140,24
3749,140,26
3750,140,27
3751,140,164
3752,140,165
3753,140,43
3754,140,172
3755,140,173
3756,140,175
3757,140,51
3758,140,53
3759,140,58
3760,140,60
3761,140,61
3762,140,63
3763,140,64
3764,140,66
3765,140,67
3766,140,69
3767,140,70
3768,140,72
3769,140,73
3770,140,79
3771,140,84
3772,140,86
3773,140,88
3774,140,90
3775,140,93
3776,140,98
3777,140,100
3778,140,101
3779,140,103
3780,140,104
3781,140,105
3782,140,106
3783,140,108
3784,140,109
3785,140,117
3786,140,125
3787,141,64
3788,141,98
3789,141,134
3790,141,166
3791,141,140
3792,141,173
3793,141,142
3794,141,19
3795,141,20
3796,141,84
3797,141,85
3798,141,60
3799,141,61
3800,141,63
3801,142,64
3802,142,98
3803,142,134
3804,142,166
3805,142,11
3806,142,140
3807,142,141
3808,142,172
3809,142,175
3810,142,112
3811,142,146
3812,142,84
3813,142,88
3814,142,63
3815,143,131
3816,143,5
3817,143,134
3818,143,7
3819,143,11
3820,143,139
3821,143,140
3822,143,13
3823,143,16
3824,143,144
3825,143,146
3826,143,151
3827,143,24
3828,143,152
3829,143,154
3830,143,155
3831,143,162
3832,143,35
3833,143,36
3834,143,165
3835,143,37
3836,143,167
3837,143,166
3838,143,41
3839,143,169
3840,143,43
3841,143,172
3842,143,173
3843,143,46
3844,143,175
3845,143,53
3846,143,54
3847,143,55
3848,143,56
3849,143,61
3850,143,64
3851,143,65
3852,143,68
3853,143,69
3854,143,71
3855,143,73
3856,143,77
3857,143,78
3858,143,84
3859,143,88
3860,143,91
3861,143,95
3862,143,97
3863,143,98
3864,143,99
3865,143,100
3866,143,102
3867,143,105
3868,143,106
3869,143,108
3870,143,109
3871,143,112
3872,143,114
3873,143,116
3874,143,117
3875,143,118
3876,143,119
3877,143,121
3878,143,123
3879,143,125
3880,144,4
3881,144,5
3882,144,134
3883,144,9
3884,144,140
3885,144,143
3886,144,15
3887,144,24
3888,144,164
3889,144,165
3890,144,167
3891,144,43
3892,144,175
3893,144,51
3894,144,53
3895,144,58
3896,144,61
3897,144,66
3898,144,67
3899,144,69
3900,144,70
3901,144,77
3902,144,79
3903,144,84
3904,144,86
3905,144,88
3906,144,98
3907,144,100
3908,144,101
3909,144,108
3910,144,120
3911,145,35
3912,145,104
3913,145,43
3914,145,109
3915,145,175
3916,145,49
3917,145,84
3918,145,55
3919,145,88
3920,145,57
3921,145,125
3922,146,130
3923,146,3
3924,146,132
3925,146,5
3926,146,134
3927,146,7
3928,146,137
3929,146,10
3930,146,11
3931,146,140
3932,146,142
3933,146,143
3934,146,18
3935,146,19
3936,146,21
3937,146,150
3938,146,23
3939,146,24
3940,146,154
3941,146,156
3942,146,31
3943,146,160
3944,146,33
3945,146,35
3946,146,163
3947,146,165
3948,146,38
3949,146,167
3950,146,39
3951,146,41
3952,146,37
3953,146,43
3954,146,172
3955,146,173
3956,146,166
3957,146,175
3958,146,55
3959,146,56
3960,146,57
3961,146,62
3962,146,64
3963,146,66
3964,146,68
3965,146,69
3966,146,72
3967,146,73
3968,146,78
3969,146,79
3970,146,84
3971,146,85
3972,146,86
3973,146,88
3974,146,92
3975,146,93
3976,146,95
3977,146,98
3978,146,105
3979,146,106
3980,146,107
3981,146,108
3982,146,109
3983,146,110
3984,146,114
3985,146,116
3986,146,120
3987,146,121
3988,147,130
3989,147,5
3990,147,134
3991,147,8
3992,147,20
3993,147,26
3994,147,31
3995,147,34
3996,147,165
3997,147,172
3998,147,173
3999,147,175
4000,147,54
4001,147,56
4002,147,64
4003,147,69
4004,147,79
4005,147,84
4006,147,88
4007,147,93
4008,147,96
4009,147,98
4010,147,99
4011,147,100
4012,147,103
4013,147,104
4014,147,105
4015,147,106
4016,147,107
4017,147,108
4018,147,109
4019,147,113
4020,147,120
4021,148,134
4022,148,42
4023,148,84
4024,148,86
4025,148,55
4026,148,125
4027,149,32
4028,149,35
4029,149,163
4030,149,134
4031,149,78
4032,149,175
4033,149,84
4034,149,55
4035,150,5
4036,150,134
4037,150,9
4038,150,11
4039,150,139
4040,150,15
4041,150,146
4042,150,23
4043,150,151
4044,150,152
4045,150,167
4046,150,175
4047,150,55
4048,150,59
4049,150,64
4050,150,69
4051,150,70
4052,150,84
4053,150,95
4054,150,98
4055,150,111
4056,150,114
4057,150,117
4058,150,119
4059,150,121
4060,150,123
4061,151,162
4062,151,35
4063,151,134
4064,151,167
4065,151,166
4066,151,7
4067,151,59
4068,151,108
4069,151,46
4070,151,175
4071,151,143
4072,151,114
4073,151,84
4074,151,116
4075,151,150
4076,151,23
4077,151,152
4078,151,123
4079,152,3
4080,152,131
4081,152,134
4082,152,7
4083,152,135
4084,152,139
4085,152,13
4086,152,143
4087,152,150
4088,152,151
4089,152,26
4090,152,162
4091,152,35
4092,152,36
4093,152,37
4094,152,38
4095,152,167
4096,152,166
4097,152,172
4098,152,46
4099,152,175
4100,152,51
4101,152,55
4102,152,56
4103,152,64
4104,152,66
4105,152,68
4106,152,69
4107,152,71
4108,152,72
4109,152,84
4110,152,88
4111,152,95
4112,152,97
4113,152,100
4114,152,108
4115,152,112
4116,152,114
4117,152,116
4118,152,118
4119,152,123
4120,153,98
4121,153,35
4122,153,163
4123,153,69
4124,153,134
4125,153,167
4126,153,39
4127,153,41
4128,153,11
4129,153,175
4130,153,112
4131,153,84
4132,153,121
4133,153,154
4134,153,62
4135,154,131
4136,154,5
4137,154,134
4138,154,9
4139,154,137
4140,154,11
4141,154,143
4142,154,16
4143,154,146
4144,154,23
4145,154,153
4146,154,35
4147,154,36
4148,154,163
4149,154,38
4150,154,167
4151,154,37
4152,154,41
4153,154,172
4154,154,174
4155,154,175
4156,154,51
4157,154,55
4158,154,59
4159,154,62
4160,154,64
4161,154,66
4162,154,72
4163,154,79
4164,154,84
4165,154,85
4166,154,86
4167,154,95
4168,154,98
4169,154,112
4170,154,114
4171,154,121
4172,154,124
4173,154,125
4174,155,130
4175,155,134
4176,155,139
4177,155,143
4178,155,29
4179,155,30
4180,155,165
4181,155,172
4182,155,173
4183,155,66
4184,155,67
4185,155,84
4186,155,85
4187,155,98
4188,155,103
4189,155,104
4190,155,106
4191,155,108
4192,155,109
4193,155,125
4194,156,98
4195,156,6
4196,156,134
4197,156,72
4198,156,41
4199,156,11
4200,156,175
4201,156,114
4202,156,146
4203,156,84
4204,156,157
4205,156,55
4206,156,88
4207,156,121
4208,156,93
4209,157,96
4210,157,65
4211,157,6
4212,157,138
4213,157,54
4214,157,156
4215,158,8
4216,158,44
4217,158,45
4218,158,87
4219,158,88
4220,158,89
4221,158,159
4222,159,96
4223,159,98
4224,159,167
4225,159,8
4226,159,75
4227,159,44
4228,159,45
4229,159,175
4230,159,84
4231,159,87
4232,159,88
4233,159,89
4234,159,158
4235,160,66
4236,160,98
4237,160,69
4238,160,134
4239,160,5
4240,160,41
4241,160,43
4242,160,175
4243,160,114
4244,160,146
4245,160,84
4246,160,85
4247,160,95
4248,161,96
4249,161,97
4250,161,167
4251,161,138
4252,161,175
4253,161,84
4254,161,88
4255,162,131
4256,162,134
4257,162,7
4258,162,139
4259,162,13
4260,162,143
4261,162,16
4262,162,23
4263,162,151
4264,162,152
4265,162,36
4266,162,37
4267,162,167
4268,162,41
4269,162,46
4270,162,175
4271,162,56
4272,162,64
4273,162,68
4274,162,69
4275,162,84
4276,162,97
4277,162,100
4278,162,105
4279,162,106
4280,162,108
4281,162,110
4282,162,112
4283,162,114
4284,162,116
4285,162,118
4286,162,123
4287,162,125
4288,163,5
4289,163,134
4290,163,137
4291,163,11
4292,163,16
4293,163,146
4294,163,19
4295,163,149
4296,163,22
4297,163,23
4298,163,153
4299,163,154
4300,163,35
4301,163,36
4302,163,165
4303,163,37
4304,163,167
4305,163,166
4306,163,41
4307,163,175
4308,163,55
4309,163,56
4310,163,62
4311,163,64
4312,163,70
4313,163,72
4314,163,73
4315,163,84
4316,163,86
4317,163,88
4318,163,95
4319,163,96
4320,163,98
4321,163,107
4322,163,112
4323,163,116
4324,163,121
4325,163,124
4326,164,66
4327,164,67
4328,164,4
4329,164,69
4330,164,165
4331,164,103
4332,164,5
4333,164,101
4334,164,140
4335,164,173
4336,164,175
4337,164,144
4338,164,84
4339,164,55
4340,164,88
4341,164,26
4342,165,133
4343,165,134
4344,165,5
4345,165,140
4346,165,143
4347,165,144
4348,165,146
4349,165,147
4350,165,21
4351,165,25
4352,165,26
4353,165,27
4354,165,155
4355,165,30
4356,165,163
4357,165,164
4358,165,168
4359,165,41
4360,165,40
4361,165,172
4362,165,173
4363,165,175
4364,165,51
4365,165,55
4366,165,58
4367,165,61
4368,165,64
4369,165,66
4370,165,67
4371,165,69
4372,165,70
4373,165,73
4374,165,83
4375,165,84
4376,165,88
4377,165,92
4378,165,93
4379,165,94
4380,165,98
4381,165,99
4382,165,100
4383,165,101
4384,165,103
4385,165,104
4386,165,105
4387,165,106
4388,165,108
4389,165,109
4390,165,125
4391,166,6
4392,166,134
4393,166,11
4394,166,141
4395,166,142
4396,166,143
4397,166,146
4398,166,23
4399,166,151
4400,166,152
4401,166,27
4402,166,35
4403,166,163
4404,166,37
4405,166,38
4406,166,167
4407,166,41
4408,166,175
4409,166,51
4410,166,55
4411,166,62
4412,166,63
4413,166,64
4414,166,65
4415,166,69
4416,166,79
4417,166,84
4418,166,88
4419,166,92
4420,166,95
4421,166,98
4422,166,100
4423,166,108
4424,166,117
4425,166,118
4426,166,120
4427,166,121
4428,167,0
4429,167,2
4430,167,3
4431,167,5
4432,167,7
4433,167,13
4434,167,15
4435,167,16
4436,167,17
4437,167,23
4438,167,24
4439,167,29
4440,167,32
4441,167,33
4442,167,35
4443,167,36
4444,167,37
4445,167,38
4446,167,40
4447,167,41
4448,167,43
4449,167,46
4450,167,48
4451,167,52
4452,167,55
4453,167,56
4454,167,64
4455,167,65
4456,167,66
4457,167,68
4458,167,69
4459,167,70
4460,167,73
4461,167,76
4462,167,77
4463,167,78
4464,167,84
4465,167,86
4466,167,92
4467,167,93
4468,167,95
4469,167,96
4470,167,97
4471,167,98
4472,167,99
4473,167,100
4474,167,103
4475,167,105
4476,167,106
4477,167,107
4478,167,108
4479,167,112
4480,167,114
4481,167,115
4482,167,116
4483,167,117
4484,167,118
4485,167,119
4486,167,122
4487,167,123
4488,167,131
4489,167,133
4490,167,134
4491,167,135
4492,167,136
4493,167,137
4494,167,139
4495,167,143
4496,167,144
4497,167,146
4498,167,150
4499,167,151
4500,167,152
4501,167,153
4502,167,154
4503,167,159
4504,167,161
4505,167,162
4506,167,163
4507,167,166
4508,167,172
4509,167,175
4510,168,66
4511,168,98
4512,168,165
4513,168,73
4514,168,108
4515,168,175
4516,168,83
4517,168,84
4518,168,21
4519,168,88
4520,168,25
4521,168,93
4522,169,64
4523,169,98
4524,169,134
4525,169,71
4526,169,11
4527,169,108
4528,169,143
4529,169,84
4530,169,95
4531,170,134
4532,170,139
4533,170,175
4534,170,84
4535,170,55
4536,171,0
4537,171,96
4538,171,98
4539,171,69
4540,171,134
4541,171,70
4542,171,73
4543,171,108
4544,171,78
4545,171,175
4546,171,48
4547,171,15
4548,171,19
4549,171,84
4550,171,55
4551,171,23
4552,171,88
4553,172,131
4554,172,5
4555,172,134
4556,172,136
4557,172,11
4558,172,139
4559,172,140
4560,172,142
4561,172,143
4562,172,16
4563,172,13
4564,172,18
4565,172,146
4566,172,147
4567,172,152
4568,172,154
4569,172,155
4570,172,34
4571,172,35
4572,172,36
4573,172,165
4574,172,37
4575,172,167
4576,172,173
4577,172,175
4578,172,51
4579,172,55
4580,172,56
4581,172,59
4582,172,60
4583,172,61
4584,172,62
4585,172,64
4586,172,66
4587,172,69
4588,172,70
4589,172,71
4590,172,73
4591,172,78
4592,172,84
4593,172,92
4594,172,93
4595,172,95
4596,172,97
4597,172,98
4598,172,100
4599,172,103
4600,172,105
4601,172,106
4602,172,107
4603,172,108
4604,172,114
4605,172,116
4606,172,117
4607,172,118
4608,172,123
4609,172,124
4610,172,125
4611,172,126
4612,173,130
4613,173,132
4614,173,5
4615,173,134
4616,173,139
4617,173,140
4618,173,141
4619,173,143
4620,173,146
4621,173,147
4622,173,22
4623,173,23
4624,173,24
4625,173,26
4626,173,27
4627,173,155
4628,173,29
4629,173,30
4630,173,34
4631,173,164
4632,173,165
4633,173,40
4634,173,172
4635,173,175
4636,173,55
4637,173,59
4638,173,61
4639,173,62
4640,173,64
4641,173,66
4642,173,69
4643,173,70
4644,173,73
4645,173,84
4646,173,88
4647,173,92
4648,173,93
4649,173,98
4650,173,103
4651,173,104
4652,173,105
4653,173,106
4654,173,107
4655,173,108
4656,173,109
4657,173,117
4658,173,125
4659,174,98
4660,174,134
4661,174,154
4662,174,43
4663,174,107
4664,174,175
4665,174,19
4666,174,20
4667,174,84
4668,174,22
4669,174,24
4670,174,58
4671,175,0
4672,175,4
4673,175,5
4674,175,6
4675,175,7
4676,175,9
4677,175,11
4678,175,13
4679,175,14
4680,175,16
4681,175,17
4682,175,19
4683,175,20
4684,175,21
4685,175,23
4686,175,24
4687,175,25
4688,175,26
4689,175,27
4690,175,28
4691,175,29
4692,175,30
4693,175,31
4694,175,33
4695,175,34
4696,175,35
4697,175,36
4698,175,37
4699,175,38
4700,175,39
4701,175,40
4702,175,41
4703,175,43
4704,175,44
4705,175,45
4706,175,46
4707,175,47
4708,175,49
4709,175,50
4710,175,51
4711,175,52
4712,175,54
4713,175,55
4714,175,56
4715,175,57
4716,175,58
4717,175,59
4718,175,60
4719,175,61
4720,175,62
4721,175,64
4722,175,66
4723,175,68
4724,175,69
4725,175,70
4726,175,72
4727,175,73
4728,175,75
4729,175,76
4730,175,77
4731,175,78
4732,175,79
4733,175,81
4734,175,82
4735,175,83
4736,175,84
4737,175,85
4738,175,86
4739,175,88
4740,175,89
4741,175,90
4742,175,92
4743,175,93
4744,175,95
4745,175,96
4746,175,97
4747,175,98
4748,175,99
4749,175,100
4750,175,101
4751,175,103
4752,175,104
4753,175,105
4754,175,106
4755,175,107
4756,175,108
4757,175,109
4758,175,112
4759,175,113
4760,175,114
4761,175,115
4762,175,116
4763,175,117
4764,175,118
4765,175,119
4766,175,120
4767,175,121
4768,175,123
4769,175,125
4770,175,127
4771,175,128
4772,175,130
4773,175,131
4774,175,133
4775,175,134
4776,175,135
4777,175,137
4778,175,139
4779,175,140
4780,175,142
4781,175,143
4782,175,144
4783,175,145
4784,175,146
4785,175,147
4786,175,149
4787,175,150
4788,175,151
4789,175,152
4790,175,153
4791,175,154
4792,175,156
4793,175,159
4794,175,160
4795,175,161
4796,175,162
4797,175,163
4798,175,164
4799,175,165
4800,175,166
4801,175,167
4802,175,168
4803,175,170
4804,175,171
4805,175,172
4806,175,173
4807,175,174
